,id,full_names,element_type,team,selected,cost
0,1,Petr_Cech_1,1,1,70767,50
1,2,Bernd_Leno_2,1,1,110646,50
2,3,Laurent_Koscielny_3,2,1,6155,55
3,4,Héctor_Bellerín_4,2,1,727046,55
4,5,Nacho_Monreal_5,2,1,44811,55
5,6,Rob_Holding_6,2,1,29752,45
6,7,Shkodran_Mustafi_7,2,1,66040,55
7,8,Sead_Kolasinac_8,2,1,32166,50
8,10,Konstantinos_Mavropanos_10,2,1,10713,50
9,11,Stephan_Lichtsteiner_11,2,1,112156,50
10,12,Sokratis_Papastathopoulos_12,2,1,122791,55
11,13,Mesut_Özil_13,3,1,236460,85
12,14,Aaron_Ramsey_14,3,1,60423,75
13,15,Alex_Iwobi_15,3,1,35746,55
14,16,Mohamed_Elneny_16,3,1,120790,45
15,17,Granit_Xhaka_17,3,1,220405,55
16,18,Henrikh_Mkhitaryan_18,3,1,644446,70
17,19,Reiss_Nelson_19,3,1,33287,45
18,20,Ainsley_Maitland-Niles_20,3,1,31526,45
19,21,Danny_Welbeck_21,4,1,28663,65
20,22,Alexandre_Lacazette_22,4,1,200168,95
21,23,Pierre-Emerick_Aubameyang_23,4,1,924935,110
22,450,Lucas_Torreira_450,3,1,90529,50
23,451,Matteo_Guendouzi_451,3,1,53733,45
24,542,Emiliano_Martínez_542,1,1,0,0
25,545,Emile_Smith-Rowe_545,3,1,0,0
26,546,Zech_Medley_546,2,1,0,0
27,552,Edward_Nketiah_552,4,1,0,0
28,563,Bukayo_Saka_563,3,1,0,0
29,566,Joseph_Willock_566,3,1,0,0
30,581,Carl_Jenkinson_581,2,1,0,0
31,586,Denis_Suárez_586,3,1,0,0
32,24,Asmir_Begovic_24,1,2,220212,45
33,25,Artur_Boruc_25,1,2,340702,40
34,26,Simon_Francis_26,2,2,22164,45
35,27,Steve_Cook_27,2,2,59682,45
36,28,Charlie_Daniels_28,2,2,834188,45
37,29,Adam_Smith_29,2,2,21187,45
38,30,Tyrone_Mings_30,2,2,10308,45
39,31,Nathan_Aké_31,2,2,158251,50
40,32,Jack_Simpson_32,2,2,257252,40
41,34,Marc_Pugh_34,3,2,32012,45
42,35,Andrew_Surman_35,3,2,17574,50
43,36,Junior_Stanislas_36,3,2,2359,60
44,37,Dan_Gosling_37,3,2,5035,50
45,38,Jordon_Ibe_38,3,2,28714,55
46,39,Lewis_Cook_39,3,2,16680,50
47,40,Ryan_Fraser_40,3,2,57385,55
48,41,Emerson_Hyndman_41,3,2,3650,45
49,42,David_Brooks_42,3,2,3963,50
50,43,Callum_Wilson_43,4,2,147186,60
51,44,Lys_Mousset_44,4,2,11984,50
52,45,Joshua_King_45,4,2,380719,65
53,46,Jermain_Defoe_46,4,2,42370,60
54,241,Nathaniel_Clyne_241,2,2,26690,50
55,259,Dominic_Solanke_259,4,2,17914,50
56,473,Diego_Rico_473,2,2,1514,45
57,494,Jefferson_Lerma_494,3,2,15473,45
58,580,Chris_Mepham_580,2,2,0,0
59,599,Sam_Surridge_599,4,2,0,0
60,600,Kyle_Taylor_600,3,2,0,0
61,613,Nnamdi_Ofoborh_613,3,2,0,0
62,616,Mark_Travers_616,1,2,0,0
63,620,Matt_Butcher_620,3,2,0,0
64,47,Mathew_Ryan_47,1,3,257273,45
65,48,Lewis_Dunk_48,2,3,152747,45
66,49,Shane_Duffy_49,2,3,153522,45
67,50,Bruno_Saltor Grau_50,2,3,14542,45
68,51,Gaëtan_Bong_51,2,3,8038,45
69,52,Markus_Suttner_52,2,3,413157,40
70,53,Ezequiel_Schelotto_53,2,3,118425,40
71,54,Leon_Balogun_54,2,3,7897,45
72,55,Anthony_Knockaert_55,3,3,23952,55
73,56,Dale_Stephens_56,3,3,549320,45
74,57,Beram_Kayal_57,3,3,5338,45
75,58,Solomon_March_58,3,3,3712,50
76,59,Pascal_Groß_59,3,3,364302,70
77,60,Davy_Pröpper_60,3,3,8887,50
78,61,José Heriberto_Izquierdo Mena_61,3,3,11081,60
79,62,Glenn_Murray_62,4,3,36707,65
80,63,Tomer_Hemed_63,4,3,11200,50
81,64,Sam_Baldock_64,4,3,21608,45
82,65,Jürgen_Locadia_65,4,3,5404,55
83,66,Florin_Andone_66,4,3,4566,50
84,179,David_Button_179,1,3,85325,40
85,439,Jason_Steele_439,1,3,68519,40
86,440,Bernardo_Fernandes da Silva Junior_440,2,3,10711,45
87,466,Yves_Bissouma_466,3,3,2595,50
88,476,Alireza_Jahanbakhsh_476,3,3,76058,70
89,503,Martín_Montoya_503,2,3,8245,45
90,551,Viktor_Gyokeres_551,4,3,0,0
91,559,Ben_White_559,2,3,0,0
92,572,Max_Sanders_572,3,3,0,0
93,582,Dan_Burn_582,2,3,0,0
94,617,Jayson_Molumby_617,3,3,0,0
95,67,Tom_Heaton_67,1,4,6229,50
96,68,Nick_Pope_68,1,4,23251,50
97,69,Matthew_Lowton_69,2,4,44551,50
98,70,Ben_Mee_70,2,4,226034,50
99,71,Stephen_Ward_71,2,4,120639,50
100,72,James_Tarkowski_72,2,4,461762,50
101,73,Kevin_Long_73,2,4,42014,45
102,74,Charlie_Taylor_74,2,4,11525,45
103,75,Phil_Bardsley_75,2,4,10336,45
104,76,Johann Berg_Gudmundsson_76,3,4,98144,60
105,77,Steven_Defour_77,3,4,757,55
106,78,Jeff_Hendrick_78,3,4,9008,55
107,79,Robbie_Brady_79,3,4,1913,55
108,80,Ashley_Westwood_80,3,4,9023,45
109,81,Jonathan_Walters_81,3,4,3473,50
110,82,Jack_Cork_82,3,4,59543,50
111,83,Aaron_Lennon_83,3,4,15138,50
112,84,Sam_Vokes_84,4,4,53452,55
113,85,Ashley_Barnes_85,4,4,48750,60
114,86,Nahki_Wells_86,4,4,101406,45
115,87,Chris_Wood_87,4,4,24309,65
116,485,Anders_Lindegaard_485,1,4,7630,45
117,490,Joe_Hart_490,1,4,195781,45
118,491,Ben_Gibson_491,2,4,17262,50
119,495,Matej_Vydra_495,4,4,7173,60
120,534,Dwight_McNeil_534,3,4,0,0
121,564,Abd-Al-Ali Morakinyo Olaposi_Koiki_564,2,4,0,0
122,583,Josh_Benson_583,3,4,0,0
123,590,Peter_Crouch_590,4,4,0,0
124,615,Anthony_Driscoll-Glennon_615,2,4,0,0
125,33,Harry_Arter_33,3,5,14476,50
126,88,Neil_Etheridge_88,1,5,12072,45
127,89,Alex_Smithies_89,1,5,6692,45
128,90,Sean_Morrison_90,2,5,31111,50
129,91,Sol_Bamba_91,2,5,39138,45
130,92,Bruno_Ecuele Manga_92,2,5,5192,45
131,93,Matthew_Connolly_93,2,5,75947,40
132,94,Joe_Bennett_94,2,5,8863,45
133,95,Lee_Peltier_95,2,5,196285,40
134,96,Ashley Darel Jazz_Richards_96,2,5,47860,40
135,97,Greg_Halford_97,2,5,1492,40
136,98,Joe_Ralls_98,3,5,17494,50
137,99,David Junior_Hoilett_99,3,5,20590,55
138,100,Nathaniel_Mendez-Laing_100,3,5,3604,50
139,101,Callum_Paterson_101,3,5,8529,55
140,102,Aron_Gunnarsson_102,3,5,66660,45
141,103,Anthony_Pilkington_103,3,5,11915,45
142,104,Loïc_Damour_104,3,5,3308,45
143,105,Danny_Ward_105,3,5,15437,45
144,106,Josh_Murphy_106,3,5,14017,50
145,107,Kenneth_Zohore_107,4,5,36149,50
146,108,Omar_Bogle_108,4,5,15508,45
147,109,Gary_Madine_109,4,5,51829,45
148,110,Bobby_Reid_110,4,5,33401,55
149,176,Oumar_Niasse_176,4,5,46205,55
150,467,Greg_Cunninghamm_467,2,5,4968,45
151,504,Víctor_Camarasa_504,3,5,2384,45
152,535,Kadeem_Harris_535,3,5,0,0
153,537,Brian_Murphy_537,1,5,0,0
154,573,Rhys_Healey_573,4,5,0,0
155,589,Leandro_Bacuna_589,2,5,0,0
156,111,Thibaut_Courtois_111,1,6,78468,55
157,112,Willy_Caballero_112,1,6,8785,50
158,113,César_Azpilicueta_113,2,6,745918,65
159,114,Gary_Cahill_114,2,6,65491,55
160,115,Marcos_Alonso_115,2,6,727837,65
161,116,David_Luiz Moreira Marinho_116,2,6,160332,55
162,117,Victor_Moses_117,2,6,211948,60
163,118,Antonio_Rüdiger_118,2,6,135804,60
164,119,Andreas_Christensen_119,2,6,61061,55
165,120,Davide_Zappacosta_120,2,6,14783,55
166,121,Emerson_Palmieri dos Santos_121,2,6,9242,55
167,122,Eden_Hazard_122,3,6,480326,105
168,123,Cesc_Fàbregas_123,3,6,67338,65
169,124,Willian_Borges Da Silva_124,3,6,411692,75
170,125,Pedro_Rodríguez Ledesma_125,3,6,96685,65
171,126,N'Golo_Kanté_126,3,6,889970,50
172,127,Ross_Barkley_127,3,6,22315,60
173,128,Daniel_Drinkwater_128,3,6,9829,50
174,129,Tiemoué_Bakayoko_129,3,6,14331,50
175,130,Ethan_Ampadu_130,3,6,3328,45
176,131,Callum_Hudson-Odoi_131,3,6,119739,45
177,132,Ruben_Loftus-Cheek_132,3,6,55849,55
178,133,Olivier_Giroud_133,4,6,188771,80
179,134,Álvaro_Morata_134,4,6,151388,90
180,459,Jorge Luiz_Frello Filho_459,3,6,396333,50
181,496,Tammy_Abraham_496,4,6,7919,55
182,498,Kepa_Arrizabalaga_498,1,6,120895,55
183,499,Mateo_Kovacic_499,3,6,56369,60
184,579,Gonzalo_Higuaín_579,4,6,0,0
185,624,Addji Keaninkin Marc-Israel_Guehi_624,2,6,0,0
186,135,Wayne_Hennessey_135,1,7,49531,45
187,136,Julian_Speroni_136,1,7,727239,40
188,137,Vicente_Guaita_137,1,7,12383,45
189,138,James_Tomkins_138,2,7,428025,45
190,139,Scott_Dann_139,2,7,779,45
191,140,Martin_Kelly_140,2,7,409020,40
192,141,Jeffrey_Schlupp_141,2,7,29820,45
193,142,Patrick_van Aanholt_142,2,7,244166,55
194,143,Mamadou_Sakho_143,2,7,67303,50
195,144,Jairo_Riedewald_144,2,7,4442,45
196,145,Aaron_Wan-Bissaka_145,2,7,652304,40
197,147,James_McArthur_147,3,7,85461,50
198,148,Bakary_Sako_148,3,7,1455,50
199,149,Andros_Townsend_149,3,7,115533,60
200,150,Luka_Milivojevic_150,3,7,465750,65
201,151,Wilfried_Zaha_151,4,7,1424847,70
202,152,Christian_Benteke_152,4,7,54689,65
203,153,Alexander_Sørloth_153,4,7,14555,50
204,412,Cheikhou_Kouyaté_412,3,7,27371,50
205,441,Joel_Ward_441,2,7,20760,45
206,442,Jaroslaw_Jach_442,2,7,3994,40
207,443,Pape_Souaré_443,2,7,6259,45
208,444,Connor_Wickham_444,4,7,9466,50
209,477,Sullay_Kaikai_477,3,7,9165,45
210,486,Max_Meyer_486,3,7,41672,60
211,505,Jordan_Ayew_505,4,7,23777,60
212,576,Joe_Tupper_576,1,7,0,0
213,584,Lucas_Perri_584,1,7,0,0
214,592,Michy_Batshuayi_592,4,7,0,0
215,609,Sam_Woods_609,2,7,0,0
216,618,Luke_Dreher_618,3,7,0,0
217,619,Nikola_Tavares_619,2,7,0,0
218,154,Jordan_Pickford_154,1,8,985344,50
219,155,Maarten_Stekelenburg_155,1,8,219323,40
220,156,Leighton_Baines_156,2,8,84579,55
221,157,Seamus_Coleman_157,2,8,148392,55
222,158,Phil_Jagielka_158,2,8,100143,45
223,159,Ashley_Williams_159,2,8,7642,45
224,160,Mason_Holgate_160,2,8,3574,45
225,161,Jonjoe_Kenny_161,2,8,11386,45
226,162,Michael_Keane_162,2,8,117954,50
227,163,Cuco_Martina_163,2,8,9177,45
228,164,Theo_Walcott_164,3,8,93127,65
229,165,Yannick_Bolasie_165,3,8,16150,60
230,166,James_McCarthy_166,3,8,1234,45
231,167,Morgan_Schneiderlin_167,3,8,115922,45
232,168,Idrissa_Gueye_168,3,8,28400,50
233,169,Tom_Davies_169,3,8,11634,55
234,170,Ademola_Lookman_170,3,8,12390,55
235,171,Davy_Klaassen_171,3,8,802,60
236,172,Gylfi_Sigurdsson_172,3,8,106177,75
237,173,Nikola_Vlasic_173,3,8,1737,50
238,174,Beni_Baningime_174,3,8,2914,45
239,175,Dominic_Calvert-Lewin_175,4,8,68885,55
240,177,Cenk_Tosun_177,4,8,302582,70
241,393,Richarlison_de Andrade_393,3,8,872082,65
242,469,Kevin_Mirallas_469,3,8,1626,55
243,470,Sandro_Ramírez_470,4,8,11104,55
244,484,Lucas_Digne_484,2,8,141155,50
245,506,Yerry_Mina_506,2,8,102500,55
246,507,Bernard_Anício Caldeira Duarte_507,3,8,20094,60
247,508,André Filipe_Tavares Gomes_508,3,8,17237,55
248,526,Kurt_Zouma_526,2,8,0,0
249,528,Kieran_Dowell_528,3,8,0,0
250,532,Tyias_Browning_532,2,8,0,0
251,9,Calum_Chambers_9,2,9,91508,45
252,178,Marcus_Bettinelli_178,1,9,14241,45
253,180,Tim_Ream_180,2,9,22808,45
254,181,Denis_Odoi_181,2,9,12353,45
255,182,Tom_Cairney_182,3,9,153810,50
256,183,Kevin_McDonald_183,3,9,20352,45
257,184,Ryan_Sessegnon_184,3,9,472564,65
258,185,Stefan_Johansen_185,3,9,8305,55
259,186,Floyd_Ayité_186,3,9,8882,45
260,187,Neeskens_Kebano_187,3,9,5634,45
261,188,Rui Pedro_da Rocha Fonte_188,3,9,21217,45
262,189,Aboubakar_Kamara_189,4,9,499362,45
263,455,Maxime_Le Marchand_455,2,9,16146,45
264,456,Jean Michael_Seri_456,3,9,95248,55
265,460,Cyrus_Christie_460,2,9,14289,45
266,474,Fabricio_Agosto Ramírez_474,1,9,13175,45
267,478,André_Schürrle_478,3,9,316359,60
268,480,Aleksandar_Mitrovic_480,4,9,294873,65
269,487,Alfie_Mawson_487,2,9,15496,50
270,509,Sergio_Rico_509,1,9,11256,45
271,510,Joe_Bryan_510,2,9,8061,50
272,511,Timothy_Fosu-Mensah_511,2,9,37692,45
273,512,André-Frank_Zambo Anguissa_512,3,9,6826,45
274,513,Luciano_Vietto_513,4,9,21756,55
275,521,Ibrahima_Cissé_521,3,9,0,45
276,541,Zeze Steven_Sessegnon_541,2,9,0,0
277,575,Ryan_Babel_575,3,9,0,0
278,593,Håvard_Nordtveit_593,2,9,0,0
279,594,Lazar_Markovic_594,3,9,0,0
280,610,Harvey_Elliott_610,3,9,0,0
281,621,Luca_De La Torre_621,3,9,0,0
282,146,Jason_Puncheon_146,3,10,40154,45
283,190,Ben_Hamer_190,1,10,124117,40
284,191,Jonas_Lössl_191,1,10,100431,45
285,192,Christopher_Schindler_192,2,10,164951,45
286,193,Chris_Löwe_193,2,10,8906,45
287,194,Tommy_Smith_194,2,10,5090,45
288,195,Mathias_Jorgensen_195,2,10,479775,45
289,196,Scott_Malone_196,2,10,249139,40
290,197,Florent_Hadergjonaj_197,2,10,4294,45
291,198,Terence_Kongolo_198,2,10,12335,45
292,199,Aaron_Mooy_199,3,10,192110,55
293,200,Rajiv_van La Parra_200,3,10,3926,50
294,201,Jonathan_Hogg_201,3,10,14503,45
295,202,Philip_Billing_202,3,10,5761,45
296,203,Tom_Ince_203,3,10,1025,50
297,204,Danny_Williams_204,3,10,562,45
298,205,Abdelhamid_Sabiri_205,3,10,3471,45
299,206,Alex_Pritchard_206,3,10,3968,50
300,207,Ramadan_Sobhi_207,3,10,15146,50
301,208,Juninho_Bacuna_208,3,10,7863,45
302,209,Collin_Quaner_209,4,10,281907,45
303,210,Laurent_Depoitre_210,4,10,67727,55
304,211,Steve_Mounie_211,4,10,11803,60
305,212,Elias_Kachunga_212,4,10,5521,50
306,461,Erik_Durm_461,2,10,13149,45
307,471,Adama_Diakhaby_471,3,10,2723,50
308,514,Isaac_Mbenza_514,3,10,904,60
309,522,Jon Gorenc_Stankovic_522,2,10,0,40
310,533,Ryan_Schofield_533,1,10,0,0
311,585,Karlan_Grant_585,4,10,0,0
312,598,Joel_Coleman_598,1,10,0,0
313,601,Demeaco_Duhaney_601,2,10,0,0
314,606,Matthew_Daly_606,3,10,0,0
315,607,Aaron_Rowe_607,3,10,0,0
316,213,Kasper_Schmeichel_213,1,11,230133,50
317,214,Eldin_Jakupovic_214,1,11,6756,45
318,215,Wes_Morgan_215,2,11,62679,45
319,216,Christian_Fuchs_216,2,11,46271,45
320,217,Danny_Simpson_217,2,11,20221,45
321,218,Yohan_Benalouane_218,2,11,53420,40
322,219,Benjamin_Chilwell_219,2,11,16126,50
323,220,Harry_Maguire_220,2,11,759622,55
324,221,Ricardo Domingos_Barbosa Pereira_221,2,11,58068,50
325,222,Jonny_Evans_222,2,11,17835,50
326,224,Marc_Albrighton_224,3,11,58166,55
327,225,Demarai_Gray_225,3,11,44794,55
328,226,Daniel_Amartey_226,3,11,11148,45
329,227,Wilfred_Ndidi_227,3,11,33600,50
330,228,Vicente_Iborra_228,3,11,3960,50
331,229,Matty_James_229,3,11,1207,45
332,230,Hamza_Choudhury_230,3,11,5517,45
333,231,Adrien Sebastian_Perruchet Silva_231,3,11,10282,50
334,232,Fousseni_Diabaté_232,3,11,3158,50
335,233,James_Maddison_233,3,11,32765,65
336,234,Jamie_Vardy_234,4,11,242752,90
337,235,Shinji_Okazaki_235,4,11,77976,55
338,236,Kelechi_Iheanacho_236,4,11,47721,60
339,457,Danny_Ward_457,1,11,11225,45
340,492,Rachid_Ghezzal_492,3,11,9921,55
341,501,Filip_Benkovic_501,2,11,2899,50
342,515,Çaglar_Söyüncü_515,2,11,3574,50
343,527,Nampalys_Mendy_527,3,11,0,0
344,558,Josh_Knight_558,2,11,0,0
345,571,Harvey_Barnes_571,3,11,0,0
346,591,Youri_Tielemans_591,3,11,0,0
347,237,Simon_Mignolet_237,1,12,7587,50
348,238,Loris_Karius_238,1,12,10305,50
349,239,Dejan_Lovren_239,2,12,347393,50
350,240,Alberto_Moreno_240,2,12,22078,45
351,242,Joseph_Gomez_242,2,12,13273,50
352,243,Joel_Matip_243,2,12,3630,50
353,244,Ragnar_Klavan_244,2,12,7541,45
354,245,Trent_Alexander-Arnold_245,2,12,787168,50
355,246,Virgil_van Dijk_246,2,12,811455,60
356,247,Andrew_Robertson_247,2,12,720845,60
357,248,Alex_Oxlade-Chamberlain_248,3,12,2117,65
358,249,Jordan_Henderson_249,3,12,61150,55
359,250,Adam_Lallana_250,3,12,73838,70
360,251,Sadio_Mané_251,3,12,758512,95
361,252,Georginio_Wijnaldum_252,3,12,32164,55
362,253,Mohamed_Salah_253,3,12,2478960,130
363,254,James_Milner_254,3,12,14696,55
364,255,Fabio Henrique_Tavares_255,3,12,51015,60
365,256,Naby_Keita_256,3,12,232708,75
366,257,Roberto_Firmino_257,4,12,1687015,95
367,462,Xherdan_Shaqiri_462,3,12,360763,75
368,468,Alisson_Ramses Becker_468,1,12,629624,55
369,472,Daniel_Sturridge_472,4,12,47395,60
370,543,Divock_Origi_543,4,12,0,0
371,557,Rafael_Camacho_557,3,12,0,0
372,597,Curtis_Jones_597,3,12,0,0
373,223,Riyad_Mahrez_223,3,13,244252,90
374,260,Ederson_Santana de Moraes_260,1,13,796937,55
375,261,Claudio_Bravo_261,1,13,11627,50
376,262,John_Stones_262,2,13,415001,55
377,263,Vincent_Kompany_263,2,13,105138,55
378,264,Nicolás_Otamendi_264,2,13,405078,65
379,265,Kyle_Walker_265,2,13,545462,65
380,266,Danilo Luiz_da Silva_266,2,13,53010,55
381,267,Benjamin_Mendy_267,2,13,440329,60
382,268,Aymeric_Laporte_268,2,13,55175,55
383,269,Fabian_Delph_269,2,13,18028,55
384,270,Raheem_Sterling_270,3,13,95478,110
385,271,David_Silva_271,3,13,234240,85
386,272,Fernando_Luiz Rosa_272,3,13,328372,55
387,273,Kevin_De Bruyne_273,3,13,1288634,100
388,274,Ilkay_Gündogan_274,3,13,65757,55
389,275,Leroy_Sané_275,3,13,663136,95
390,276,Bernardo Mota_Veiga de Carvalho e Silva_276,3,13,312286,75
391,277,Phil_Foden_277,3,13,14777,50
392,278,Brahim_Diaz_278,3,13,2951,50
393,279,Oleksandr_Zinchenko_279,3,13,2425,50
394,280,Sergio_Agüero_280,4,13,1452447,110
395,281,Gabriel Fernando_de Jesus_281,4,13,121425,105
396,529,Arijanet_Muric_529,1,13,0,0
397,604,Philippe_Sandler_604,2,13,0,0
398,282,David_de Gea_282,1,14,0,0
399,283,Sergio_Romero_283,1,14,3795,50
400,284,Chris_Smalling_284,2,14,165459,60
401,285,Phil_Jones_285,2,14,169200,55
402,286,Luke_Shaw_286,2,14,162866,50
403,287,Marcos_Rojo_287,2,14,5350,50
404,288,Antonio_Valencia_288,2,14,41761,65
405,289,Matteo_Darmian_289,2,14,20155,50
406,290,Daley_Blind_290,2,14,868,50
407,291,Eric_Bailly_291,2,14,133757,55
408,292,Victor_Lindelöf_292,2,14,56146,50
409,293,Ashley_Young_293,2,14,101792,60
410,294,José Diogo_Dalot Teixeira_294,2,14,2241,55
411,295,Alexis_Sánchez_295,3,14,474589,105
412,296,Nemanja_Matic_296,3,14,42537,50
413,297,Juan_Mata_297,3,14,97791,65
414,298,Marouane_Fellaini_298,3,14,28693,50
415,299,Ander_Herrera_299,3,14,9519,50
416,300,Jesse_Lingard_300,3,14,283400,70
417,301,Anthony_Martial_301,3,14,46847,75
418,302,Paul_Pogba_302,3,14,354360,80
419,303,Scott_McTominay_303,3,14,39595,45
420,304,Frederico_Rodrigues de Paula Santos_304,3,14,232569,60
421,305,Marcus_Rashford_305,4,14,515309,70
422,306,Romelu_Lukaku_306,4,14,349932,110
423,481,Andreas_Pereira_481,3,14,30210,50
424,520,Lee_Grant_520,1,14,0,50
425,568,Angel_Gomes_568,3,14,0,0
426,602,James_Garner_602,3,14,0,0
427,603,Tahith_Chong_603,3,14,0,0
428,608,Mason_Greenwood_608,4,14,0,0
429,307,Robert_Elliot_307,1,15,16575,45
430,308,Karl_Darlow_308,1,15,4954,45
431,309,Martin_Dubravka_309,1,15,18497,50
432,310,DeAndre_Yedlin_310,2,15,81314,45
433,311,Ciaran_Clark_311,2,15,10582,45
434,312,Jamaal_Lascelles_312,2,15,423390,50
435,313,Paul_Dummett_313,2,15,9349,45
436,314,Florian_Lejeune_314,2,15,1440,45
437,315,Javier_Manquillo_315,2,15,8511,45
438,316,Chancel_Mbemba_316,2,15,12652,40
439,317,Matt_Ritchie_317,3,15,46207,60
440,318,Jonjo_Shelvey_318,3,15,51885,55
441,319,Mohamed_Diamé_319,3,15,5156,50
442,320,Christian_Atsu_320,3,15,9385,55
443,321,Jacob_Murphy_321,3,15,2929,50
444,322,Mikel_Merino_322,3,15,97,50
445,323,Isaac_Hayden_323,3,15,11288,45
446,324,Sung-yueng_Ki_324,3,15,12763,50
447,325,Dwight_Gayle_325,4,15,10803,60
448,326,Ayoze_Pérez_326,4,15,146474,65
449,327,Jose Luis_Mato Sanmartín_327,4,15,89238,50
450,458,Robert Kenedy_Nunes do Nascimento_458,3,15,115700,50
451,482,Fabian_Schär_482,2,15,17090,50
452,488,Yoshinori_Muto_488,4,15,7032,60
453,493,Salomón_Rondón_493,4,15,73303,60
454,516,Federico_Fernández_516,2,15,10427,45
455,530,Jamie_Sterry_530,2,15,0,0
456,531,Sean_Longstaff_531,3,15,0,0
457,553,Frederick_Woodman_553,1,15,0,0
458,577,Callum_Roberts_577,3,15,0,0
459,587,Miguel_Almirón_587,3,15,0,0
460,588,Antonio_Barreca_588,2,15,0,0
461,622,Kelland_Watts_622,3,15,0,0
462,623,Lewis_Cass_623,2,15,0,0
463,258,Danny_Ings_258,4,16,82610,55
464,328,Alex_McCarthy_328,1,16,31997,45
465,329,Fraser_Forster_329,1,16,65137,45
466,330,Ryan_Bertrand_330,2,16,349632,50
467,331,Maya_Yoshida_331,2,16,77036,45
468,332,Cédric_Soares_332,2,16,398975,45
469,333,Jack_Stephens_333,2,16,10138,45
470,334,Sam_McQueen_334,2,16,64439,40
471,335,Jan_Bednarek_335,2,16,264706,40
472,336,Wesley_Hoedt_336,2,16,19002,45
473,337,Steven_Davis_337,3,16,7799,50
474,338,James_Ward-Prowse_338,3,16,27127,55
475,339,Oriol_Romeu Vidal_339,3,16,140250,45
476,340,Pierre-Emile_Højbjerg_340,3,16,23517,45
477,341,Sofiane_Boufal_341,3,16,462,55
478,342,Joshua_Sims_342,3,16,4891,45
479,343,Nathan_Redmond_343,3,16,24948,55
480,344,Mario_Lemina_344,3,16,9971,50
481,345,Stuart_Armstrong_345,3,16,13490,55
482,346,Mohamed_Elyounoussi_346,3,16,23886,65
483,347,Shane_Long_347,4,16,90569,50
484,348,Charlie_Austin_348,4,16,85810,60
485,349,Manolo_Gabbiadini_349,4,16,18085,60
486,350,Guido_Carrillo_350,4,16,196,55
487,452,Angus_Gunn_452,1,16,12989,45
488,463,Jannik_Vestergaard_463,2,16,29273,50
489,479,Matt_Targett_479,2,16,6036,45
490,550,Michael_Obafemi_550,4,16,0,0
491,556,Yan_Valery_556,2,16,0,0
492,562,Tyreke_Johnson_562,3,16,0,0
493,565,Kayne_Ramsay_565,2,16,0,0
494,570,Callum_Slattery_570,3,16,0,0
495,574,Sam_Gallagher_574,4,16,0,0
496,595,Alfie_Jones_595,2,16,0,0
497,351,Hugo_Lloris_351,1,17,380621,55
498,352,Michel_Vorm_352,1,17,5427,50
499,353,Toby_Alderweireld_353,2,17,159975,60
500,354,Danny_Rose_354,2,17,69060,60
501,355,Jan_Vertonghen_355,2,17,414376,60
502,356,Ben_Davies_356,2,17,428966,60
503,357,Kieran_Trippier_357,2,17,1217102,60
504,358,Kyle_Walker-Peters_358,2,17,22811,45
505,359,Davinson_Sánchez_359,2,17,122431,60
506,360,Serge_Aurier_360,2,17,49004,60
507,361,Eric_Dier_361,3,17,109552,50
508,362,Mousa_Dembélé_362,3,17,72326,50
509,363,Erik_Lamela_363,3,17,4017,65
510,364,Christian_Eriksen_364,3,17,840208,95
511,365,Bamidele_Alli_365,3,17,175864,90
512,366,Victor_Wanyama_366,3,17,2567,50
513,367,Heung-Min_Son_367,3,17,374626,85
514,368,Harry_Winks_368,3,17,646,55
515,369,Moussa_Sissoko_369,3,17,2814,50
516,370,Lucas_Rodrigues Moura da Silva_370,3,17,108496,70
517,371,Fernando_Llorente_371,4,17,15635,60
518,372,Harry_Kane_372,4,17,1430959,125
519,497,Georges-Kévin_Nkoudou_497,3,17,997,50
520,523,Luke_Amos_523,3,17,0,45
521,536,Paulo_Gazzaniga_536,1,17,0,0
522,538,Alfie_Whiteman_538,1,17,0,0
523,540,Oliver_Skipp_540,3,17,0,0
524,549,Juan_Foyth_549,2,17,0,0
525,561,Timothy_Eyoma_561,2,17,0,0
526,578,Kazaiah_Sterling_578,4,17,0,0
527,612,George_Marsh_612,3,17,0,0
528,614,Vincent_Janssen_614,4,17,0,0
529,373,Heurelho_Gomes_373,1,18,22758,45
530,374,Pontus_Dahlberg_374,1,18,3773,45
531,375,Younes_Kaboul_375,2,18,10718,45
532,376,Craig_Cathcart_376,2,18,4273,45
533,377,Sebastian_Prödl_377,2,18,9721,45
534,378,José_Holebas_378,2,18,24697,45
535,379,Miguel_Britos_379,2,18,4748,45
536,380,Christian_Kabasele_380,2,18,34071,45
537,381,Daryl_Janmaat_381,2,18,24868,50
538,382,Adrian_Mariappa_382,2,18,11219,45
539,383,Francisco_Femenía Far_383,2,18,25857,45
540,384,Marvin_Zeegelaar_384,2,18,5698,45
541,385,Marc_Navarro_385,2,18,5864,45
542,386,Adam_Masina_386,2,18,5629,45
543,387,Nathaniel_Chalobah_387,3,18,12307,45
544,388,Tom_Cleverley_388,3,18,494,50
545,389,Etienne_Capoue_389,3,18,14003,50
546,390,Abdoulaye_Doucouré_390,3,18,108189,60
547,391,Roberto_Pereyra_391,3,18,22304,60
548,392,Will_Hughes_392,3,18,25044,50
549,394,Gerard_Deulofeu_394,3,18,19281,55
550,395,Andre_Gray_395,4,18,30395,60
551,396,Troy_Deeney_396,4,18,52178,60
552,397,Stefano_Okaka_397,4,18,1583,50
553,398,Jerome_Sinclair_398,4,18,9283,45
554,445,Ben_Foster_445,1,18,232427,45
555,446,Ken_Sema_446,3,18,5736,50
556,517,Domingos_Quina_517,3,18,3648,45
557,524,Isaac_Success Ajayi_524,4,18,0,45
558,544,Ben_Wilmot_544,2,18,0,0
559,554,Adalberto_Peñaranda_554,4,18,0,0
560,399,Adrián_San Miguel del Castillo_399,1,19,26929,45
561,400,Lukasz_Fabianski_400,1,19,911117,45
562,401,Winston_Reid_401,2,19,1204,45
563,402,Aaron_Cresswell_402,2,19,103396,55
564,403,Angelo_Ogbonna_403,2,19,47740,45
565,404,Sam_Byram_404,2,19,3347,45
566,405,Pablo_Zabaleta_405,2,19,177648,45
567,406,Declan_Rice_406,2,19,16061,45
568,407,Reece_Oxford_407,2,19,6834,45
569,408,Ryan_Fredericks_408,2,19,32501,50
570,409,Issa_Diop_409,2,19,46623,45
571,410,Arthur_Masuaku_410,3,19,113838,45
572,411,Mark_Noble_411,3,19,23453,50
573,413,Pedro_Obiang_413,3,19,63157,45
574,414,Manuel_Lanzini_414,3,19,2371,65
575,415,Michail_Antonio_415,3,19,79349,70
576,416,Edimilson_Fernandes_416,3,19,16169,45
577,417,Marko_Arnautovic_417,4,19,973948,70
578,418,Andy_Carroll_418,4,19,2216,55
579,419,Javier_Hernández Balcázar_419,4,19,118570,65
580,420,Jordan_Hugill_420,4,19,1133,50
581,447,Jack_Wilshere_447,3,19,239569,50
582,453,Andriy_Yarmolenko_453,3,19,48425,70
583,464,Fabián_Balbuena_464,2,19,16348,45
584,465,Felipe Anderson_Pereira Gomes_465,3,19,183158,70
585,489,Robert_Snodgrass_489,3,19,8221,55
586,502,Lucas_Pérez_502,4,19,11442,65
587,518,Carlos_Sánchez_518,3,19,15025,45
588,539,Grady_Diangana_539,3,19,0,0
589,547,Joe_Powell_547,3,19,0,0
590,548,Conor_Coventry_548,3,19,0,0
591,560,Alexandre Nascimento_Costa Silva_560,4,19,0,0
592,569,Samir_Nasri_569,3,19,0,0
593,605,Ben_Johnson_605,2,19,0,0
594,611,Nathan_Holland_611,3,19,0,0
595,421,John_Ruddy_421,1,20,24845,45
596,422,Will_Norris_422,1,20,117293,40
597,423,Willy_Boly_423,2,20,94567,45
598,424,Barry_Douglas_424,2,20,3755,50
599,425,Matt_Doherty_425,2,20,59443,45
600,426,Romain_Saïss_426,2,20,13736,45
601,427,Ryan_Bennett_427,2,20,234162,40
602,428,Danny_Batth_428,2,20,97934,40
603,429,Roderick Jefferson_Gonçalves Miranda_429,2,20,5328,40
604,430,Conor_Coady_430,2,20,30913,45
605,431,Rúben Gonçalo_Silva Nascimento Vinagre_431,2,20,7145,45
606,432,Diogo_Jota_432,3,20,314441,65
607,433,Rúben Diogo_da Silva Neves_433,3,20,633569,50
608,434,Ivan_Cavaleiro_434,3,20,7490,55
609,435,Hélder_Costa_435,3,20,40560,50
610,436,Bright_Enobakhare_436,3,20,14398,45
611,437,Raúl_Jiménez_437,4,20,129989,55
612,438,Bonatini Lohner Maia_Bonatini_438,4,20,46942,50
613,448,Morgan_Gibbs-White_448,3,20,20765,45
614,449,Rafa_Mir_449,4,20,6033,45
615,454,Rui Pedro_dos Santos Patrício_454,1,20,301531,45
616,475,João Filipe Iria_Santos Moutinho_475,3,20,87926,55
617,483,Jonathan_Castro Otto_483,2,20,29970,45
618,500,Adama_Traoré_500,3,20,34187,55
619,519,Leander_Dendoncker_519,3,20,23562,45
620,525,Kortney_Hause_525,2,20,0,40
621,555,Ryan John_Giles_555,3,20,0,0
622,567,Max_Kilman_567,2,20,0,0
623,596,Cameron_John_596,2,20,0,0
